baseline,especie,dic,waic,mbe,nrmse,rae,rmsle,rse,cor,coverage_95,largura_95,fit_time_sec
glm_sem_covariaveis,P. falciparum,NA,NA,2.2973220604328795,0.08155431412103031,0.6648576491175072,1.1915862122351122,0.6358900229689316,0.643698825634353,0.6028037383177569,7.200061602007009,0.8353316783905029
glm_sem_covariaveis,P. vivax,NA,NA,13.870119617734694,0.09216323824517136,0.4707297924125887,1.2185107825163883,0.4922933954390114,0.7764338833350781,0.43302180685358255,20.691362387508885,0.9831802845001222
model0_intercept,P. falciparum,1000255.05506268,13295236.303903557,16.973205475353183,0.11006375374320301,1.751070780898996,3.011297055025188,1.1105445659076434,0.08673553303744096,0.1261682242990654,32.6120316004017,0.9194685220718384
model0_intercept,P. vivax,2509752.9600806665,1889392.7760533993,28.21072235332888,0.13190227692792156,1.1299328468491563,3.55322161441803,1.0130242850455873,0.0693396761886543,0.07009345794392523,74.42265694730658,2.1249979734420776
spec1_separated_additive,P. falciparum,190216.8846418726,329313.7838451139,2.318876713610706,0.08297192208506138,0.5950476268863403,1.0865111734661594,0.661612635192816,0.6557912606135136,0.8068535825545171,12.360381641934266,1.8506919145584106
spec1_separated_additive,P. vivax,350192.8659212261,2162899.9830213087,13.686163567698902,0.08957230584636827,0.45609195423971916,1.1864032033904768,0.4440906154823384,0.7828129711706805,0.5950155763239875,43.821916313901156,3.050991654396057
model1_iid_ar1_ano,P. falciparum,100797.14953587094,135650.88036555026,2.092446403347571,0.04096659508237765,0.2612283213336853,0.47355558015313337,0.1612498374043188,0.9446069752272452,0.9330218068535826,11.038148837242211,2.0053443908691406
model1_iid_ar1_ano,P. vivax,168591.48726621084,424373.7950195217,13.773611679770536,0.064827384381279,0.2676293122729283,0.4983363965276088,0.21752981194295062,0.9073285109000744,0.82398753894081,48.02649649241498,3.033673882484436
model2_bym2_ar1_ano,P. falciparum,100803.29892635408,135685.786485154,2.2844465169216175,0.041141914075604115,0.27076232754646834,0.4733679595406354,0.1704771026814076,0.9444800628545822,0.9330218068535826,11.093959000919234,8.391969680786133
model2_bym2_ar1_ano,P. vivax,168595.2331478884,424369.8749298166,16.593207058898237,0.06500871639466921,0.2791806867523867,0.5030530804648914,0.23083543348332664,0.9072030158098368,0.822429906542056,48.096285561986406,9.17117166519165
model3_separated_iid,P. falciparum,89430.67943035818,107967.89642606818,2.0865740480171433,0.039594476827913554,0.2387258768561093,0.446636313952757,0.12370927211061897,0.954412185727202,0.9485981308411215,11.473160987186034,8.732630848884583
model3_separated_iid,P. vivax,136666.23777200712,198489.2510856033,11.281404155646232,0.051378490200627236,0.2241595837385435,0.48183407667511546,0.14033899313941955,0.9407273765698435,0.8442367601246106,51.99500684108583,8.142001509666443
model4_covariates,P. falciparum,87963.89692787743,107194.46860220417,2.024551872696584,0.039074934219178334,0.24416073862487897,0.4487996785399022,0.1337434533801103,0.9567409560254285,0.942367601246106,11.337368547517011,15.227609753608704
model4_covariates,P. vivax,134550.18195166293,196740.32716472633,10.831028830753485,0.05055412879568301,0.22701599202197095,0.47982883369195206,0.14001364074992495,0.9419102574235618,0.8489096573208723,53.183844202768285,13.963217377662659
model5_defor_ns,P. falciparum,87966.26822691754,107195.77468528006,1.2877969657311827,0.03901536560249594,0.2442027850949231,0.44715698836137463,0.13381906024599582,0.9580378636253661,0.942367601246106,11.390812493288932,10.243135929107666
model5_defor_ns,P. vivax,134554.48810471751,196741.89102439707,1.8680269700125485,0.049992377407326295,0.2269729677911168,0.4783025744870678,0.1395225169337988,0.941928218475744,0.8504672897196262,52.320112094429795,9.497301459312439
model6_cnes,P. falciparum,87964.28154461368,107195.99289376862,1.28440776569671,0.039166152576721625,0.24417046150762062,0.4472342142511364,0.1338751388663497,0.958331380708922,0.940809968847352,11.444971647626854,10.3045494556427
model6_cnes,P. vivax,134552.2771121633,196758.8907764362,1.8074254476558818,0.05018717476226076,0.226903178716391,0.4847288101433181,0.14006632584922907,0.9419186294236668,0.8489096573208723,52.674065893781375,9.066268801689148
paper_best_replica,P. falciparum,162110.27227314035,459703.25473048846,2.7205027571865323,0.08285555828012181,0.5917158393420792,1.0604301432397345,0.6624958797984004,0.6421809335965476,0.8146417445482865,12.162110149143668,10.698020696640015
paper_best_replica,P. vivax,124433.03106013162,122431.0245366552,65.57155129081585,0.1160041461484102,0.5250805181218259,0.9552685298545129,0.7981145209738617,0.8003752984740178,0.9283489096573208,210.13307640612584,14.536715269088745
