codMicroRes,media,variancia,especie
11001,2513.902777777813,1186093.0368620702,P. vivax
11002,146.24537037037234,4262.132485249453,P. vivax
11003,654.1064814814902,124512.36752227317,P. vivax
11004,170.91666666667066,8761.606788667666,P. vivax
11005,24.282407407408517,203.9742105487935,P. vivax
11006,61.837962962964646,1702.3553458915383,P. vivax
11007,19.78240740740871,156.25058358901333,P. vivax
11008,9.689814814815309,99.73780776261619,P. vivax
12001,2201.5046296296728,1889304.3170439997,P. vivax
12002,90.03703703703894,3586.144909318458,P. vivax
12003,1.9398148148148757,3.913666291437102,P. vivax
12004,215.65277777778644,20574.8134518847,P. vivax
12005,5.898148148148268,52.35227096468354,P. vivax
13001,1062.1435185185512,628397.7003994524,P. vivax
13002,84.54629629629802,7438.450080733339,P. vivax
13003,721.4120370370485,536638.4540448217,P. vivax
13004,716.8796296296368,667705.1454521328,P. vivax
13005,510.8101851851897,190636.3933497901,P. vivax
13006,423.46296296296833,127193.11461120805,P. vivax
13007,3145.231481481557,3632449.7449145084,P. vivax
13008,365.4259259259291,78297.56292561142,P. vivax
13009,222.42129629629844,47764.976408903145,P. vivax
13010,92.33796296296768,5403.807647467254,P. vivax
13011,129.81018518518673,7082.658044697323,P. vivax
13012,460.87037037037686,92758.56508692451,P. vivax
13013,663.2222222222287,260015.59240551115,P. vivax
14001,649.5694444444435,253651.8057637137,P. vivax
14002,231.2731481481514,19598.084565841287,P. vivax
14003,256.37500000000443,25218.250534027284,P. vivax
14004,277.94444444444787,35506.6748916803,P. vivax
15001,61.740740740742154,5400.289217538544,P. vivax
15002,204.93518518519105,13361.946545393992,P. vivax
15003,52.67129629629671,2968.729559988159,P. vivax
15004,299.22685185185475,179777.26463598257,P. vivax
15005,1261.6851851851916,1407434.0670454532,P. vivax
15006,70.2916666666662,4816.9991284981015,P. vivax
15007,83.59259259259446,3029.6790861350637,P. vivax
15008,17.175925925924734,540.6772925602977,P. vivax
15009,82.00462962962949,9509.731668991628,P. vivax
15010,133.19907407407658,58603.93249026602,P. vivax
15011,593.9537037037093,1326103.9843167842,P. vivax
15012,102.02777777777948,10274.875403872962,P. vivax
15013,267.2453703703662,62344.083513004975,P. vivax
15014,798.3101851851989,234843.76162469655,P. vivax
15015,554.3888888888978,86933.02418772764,P. vivax
15016,634.0509259259323,241518.2058417308,P. vivax
15017,261.3750000000044,75552.60425728785,P. vivax
15018,34.89351851852028,1588.400909349138,P. vivax
15019,29.25462962963067,1200.9351406146382,P. vivax
15020,91.9305555555559,6223.961532555142,P. vivax
15021,18.027777777778322,500.2439402192838,P. vivax
15022,68.80555555555645,20611.63226176666,P. vivax
16001,333.5185185185259,29674.634174090672,P. vivax
16002,46.347222222222854,1997.7557920431134,P. vivax
16003,685.9907407407421,179938.49317432713,P. vivax
16004,165.296296296298,14673.234259730853,P. vivax
17001,4.06944444444453,18.883436941942957,P. vivax
17002,4.245370370370461,27.32000489460733,P. vivax
17003,4.51851851851842,101.79035780296044,P. vivax
17004,1.7685185185186367,9.819576617955287,P. vivax
17005,0.4027777777777975,1.2557623807617697,P. vivax
17006,2.685185185185208,11.093915957685851,P. vivax
17007,0.01851851851851879,0.027083548191542267,P. vivax
17008,0.10648148148147539,0.20886940611960808,P. vivax
21001,26.37962962962953,1580.3627174934074,P. vivax
21002,14.180555555556882,282.17499923254593,P. vivax
21003,12.870370370370656,530.3383493108271,P. vivax
21004,4.291666666666739,126.48937234472405,P. vivax
21005,52.06018518518474,3270.318924171183,P. vivax
21006,6.467592592592381,287.4030780181879,P. vivax
21007,124.3518518518556,14180.116598980461,P. vivax
21008,75.79166666666657,1450.2314468314676,P. vivax
21009,19.787037037037244,169.67710231576686,P. vivax
21010,17.19444444444411,223.02575218006635,P. vivax
21011,13.791666666667311,82.30953201958603,P. vivax
21012,4.759259259258864,16.481973406388533,P. vivax
21013,2.680555555555706,4.944937009740885,P. vivax
21014,2.6944444444442506,6.915954089274365,P. vivax
21015,8.30092592592588,180.28995063149648,P. vivax
21016,0.2500000000000193,0.3825369315159855,P. vivax
21017,3.0555555555554372,14.531514825448392,P. vivax
21018,1.3333333333333124,2.1914423198462223,P. vivax
21019,1.6851851851852042,14.1473669891818,P. vivax
21020,0.250000000000005,0.3658649309653896,P. vivax
21021,0.06481481481482175,0.16311864689247135,P. vivax
51001,169.23148148148258,10202.215970292551,P. vivax
51002,11.300925925926197,160.84705436834048,P. vivax
51003,14.490740740740646,119.46371619881026,P. vivax
51004,4.6527777777778985,117.13906251706689,P. vivax
51005,1.1898148148148049,3.6163134018443857,P. vivax
51006,7.384259259259133,130.98749371828143,P. vivax
51007,21.648148148148042,998.1089554237731,P. vivax
51008,2.3240740740741748,47.56046552246931,P. vivax
51009,3.060185185185255,70.7888533146767,P. vivax
51010,1.5787037037037877,18.67361177081062,P. vivax
51011,0.20370370370370247,0.6964906874093513,P. vivax
51012,6.819444446420734,923.4594335246107,P. vivax
51013,1.0694444444444788,1.8221688717141578,P. vivax
51014,0.5879629629629824,1.0008334655669056,P. vivax
51015,0.1990740740740941,0.3469139763846298,P. vivax
51016,0.17592592592593273,0.520504969736786,P. vivax
51017,6.000000000000084,16.265858497468148,P. vivax
51018,0.6203703703703853,0.7153281707428811,P. vivax
51019,0.486111111111118,0.5371694770961187,P. vivax
51020,0.08333333333333982,0.1786274176811839,P. vivax
51021,1.231481481481496,1.9546516096724835,P. vivax
51022,0.01851851851851808,0.01824741922054959,P. vivax
11001,629.2731481481487,136944.1913555467,P. falciparum
11002,26.953703703704186,466.85896621776897,P. falciparum
11003,228.18518518518593,33627.8339830975,P. falciparum
11004,50.83333333333422,1741.8078208908903,P. falciparum
11005,5.337962962963151,20.742728432355037,P. falciparum
11006,14.097222222222474,239.13793370735922,P. falciparum
11007,4.407407407407036,23.349942851484514,P. falciparum
11008,4.444444444444188,109.12441525840062,P. falciparum
12001,662.8240740740839,480069.4706822606,P. falciparum
12002,19.300925925926194,647.7149376077734,P. falciparum
12003,0.5925925925925594,2.276368636497814,P. falciparum
12004,64.15740740740841,4915.767728274844,P. falciparum
12005,3.0092592592594483,34.99872707936424,P. falciparum
13001,212.93055555555694,67983.34334567792,P. falciparum
13002,10.500000000000426,263.4472907432975,P. falciparum
13003,147.9259259259277,25233.92216425432,P. falciparum
13004,125.00462962963083,19074.85028323421,P. falciparum
13005,103.41666666666652,10449.495810765677,P. falciparum
13006,88.4166666666672,13083.093897783256,P. falciparum
13007,548.5972222222323,304003.4186303114,P. falciparum
13008,66.61111111111121,15769.013508614253,P. falciparum
13009,44.72222222222302,4563.180866205198,P. falciparum
13010,27.759259259258936,1031.193304396541,P. falciparum
13011,34.9861111111113,891.4919542816993,P. falciparum
13012,71.26388888888903,3311.454056793575,P. falciparum
13013,108.48611111111151,6864.006306925343,P. falciparum
14001,127.9259259259278,22272.857186339217,P. falciparum
14002,31.736111111110866,814.6668957114483,P. falciparum
14003,33.12037037037048,954.9646216920959,P. falciparum
14004,35.14814814814858,946.3750773275234,P. falciparum
15001,16.870370370370264,1790.7391353836833,P. falciparum
15002,31.638888888887884,445.7126539227761,P. falciparum
15003,7.675925925926112,51.4536356005524,P. falciparum
15004,14.958333333333295,433.11778789066034,P. falciparum
15005,263.68518518518584,68534.43934949815,P. falciparum
15006,21.888888888889298,1372.5725496407106,P. falciparum
15007,9.092592592592077,32.52797330254716,P. falciparum
15008,1.2638888888889246,4.0771051367198385,P. falciparum
15009,0.7638888888888953,5.666867387985424,P. falciparum
15010,3.7407407407409154,35.93533096859262,P. falciparum
15011,12.99074074074054,733.4654336377267,P. falciparum
15012,21.032407407407433,503.5599821779967,P. falciparum
15013,59.89351851851889,5565.871262430439,P. falciparum
15014,388.0000000000018,78536.69268179269,P. falciparum
15015,101.56944444444407,3885.0894185591014,P. falciparum
15016,162.64814814814795,16177.325000566554,P. falciparum
15017,54.03240740740717,3054.7446752847686,P. falciparum
15018,4.731481481481445,47.43518772347177,P. falciparum
15019,12.629629629629475,522.1470624801608,P. falciparum
15020,22.569444444445004,615.592555977646,P. falciparum
15021,3.38888888888864,52.71209561168996,P. falciparum
15022,20.254629629629594,2215.62961394499,P. falciparum
16001,106.95833333333476,4668.081599486095,P. falciparum
16002,12.189814814814852,267.0123667578493,P. falciparum
16003,155.40277777777663,10233.162989385817,P. falciparum
16004,57.33796296296314,1600.308854639178,P. falciparum
17001,1.4074074074074243,3.8399420766752668,P. falciparum
17002,1.5879629629629837,10.963399404328948,P. falciparum
17003,0.8379629629629606,2.979226248885742,P. falciparum
17004,0.6342592592592846,1.2578115731334687,P. falciparum
17005,0.08796296296296965,0.07912010533130828,P. falciparum
17006,0.5601851851851962,0.9739080286073619,P. falciparum
17007,0.004629629740546062,0.0045870660328762225,P. falciparum
17008,0.004629629768340645,0.00456824944765636,P. falciparum
21001,0.21296296296295592,0.3918150912276585,P. falciparum
21002,1.236111111111121,2.2995015778164882,P. falciparum
21003,0.1527777777777771,0.20972565143861957,P. falciparum
21004,0.1481481481481482,0.15594818290519896,P. falciparum
21005,21.467592592592663,794.3521317414401,P. falciparum
21006,1.314814814814854,17.420300831721377,P. falciparum
21007,22.078703703703734,1067.2991630715187,P. falciparum
21008,18.990740740740844,185.1867426138216,P. falciparum
21009,4.5740740740738675,18.992219624453394,P. falciparum
21010,8.375000000000309,128.27940973124888,P. falciparum
21011,2.643518518518537,7.440533329738501,P. falciparum
21012,3.8472222222222157,68.58831598717472,P. falciparum
21013,1.0370370370370035,1.375643317790332,P. falciparum
21014,0.7268518518518458,1.1224516753824032,P. falciparum
21015,2.842592592592626,61.29176506766642,P. falciparum
21016,0.09722222222221936,0.1690139941876276,P. falciparum
21017,2.6759259259259087,67.32066120064742,P. falciparum
21018,1.365740740740721,22.644986703697274,P. falciparum
21019,0.5138888888888699,2.5190570040021067,P. falciparum
21020,0.07870370370370143,0.10357464935750539,P. falciparum
21021,0.013888888888889735,0.013490822935746907,P. falciparum
51001,39.45833333333312,1870.6673960603923,P. falciparum
51002,2.726851851851858,10.12491416341482,P. falciparum
51003,4.236111111111035,20.319533115218224,P. falciparum
51004,0.9537037037037419,10.566231231327816,P. falciparum
51005,1.27777777777775,14.937186708889037,P. falciparum
51006,1.2222222225408088,35.24150770273179,P. falciparum
51007,1.1249999999999607,8.621642301959392,P. falciparum
51008,0.0231481481481471,0.021868058912727993,P. falciparum
51009,0.2777777777777959,0.9856201991051943,P. falciparum
51010,0.04629629629630275,0.04992224973014556,P. falciparum
51011,0.004629629752793406,0.00452547952878683,P. falciparum
51012,0.7546296296296334,5.210370225853833,P. falciparum
51013,0.31018518518517035,0.5247123444749497,P. falciparum
51014,0.13425925925925472,0.19461213305971437,P. falciparum
51015,0.027777777777778314,0.026989759440969163,P. falciparum
51016,0.04629629629629176,0.06740181740380718,P. falciparum
51017,1.1898148148148195,3.0702004581825117,P. falciparum
51018,0.11574074074075341,0.11227049906152198,P. falciparum
51019,0.05555555555554561,0.05689065721921857,P. falciparum
51020,0.01851851851851455,0.017755898703626198,P. falciparum
51021,0.162037037037017,0.1929024720016964,P. falciparum
51022,0.004629629680035902,0.0045648835604347945,P. falciparum
