especie,familia,modelo,test_start,test_end,n_train,n_test,dic,waic,mbe,nrmse,rae,rmsle,rse,cor,coverage_95,largura_95,fit_time_sec
P. vivax,bell,model2_bym2_ar1_ano_h1,109,109,11556,107,126296.28999464717,305674.9440238575,47.52617301948384,0.09155953445466446,0.31852638231370534,0.49307974117298203,0.31884893927982383,0.939462845190132,0.9906542056074766,343.8764756947852,8.6716156005859375
P. vivax,bell,model2_bym2_ar1_ano_h1,110,110,11663,107,127038.32869570307,306400.415200133,2.829290186449305,0.04238968541931669,0.16287057538353544,0.42966527619782996,0.08142475906919332,0.9587428663494276,0.8878504672897196,73.75518365135225,8.529595375061035
P. vivax,bell,model2_bym2_ar1_ano_h1,111,111,11770,107,127847.56882105145,307348.04414512665,0.4524820981941919,0.05003012088490714,0.20407458723033542,0.4942626381591864,0.10790323113720392,0.9452417906591201,0.8411214953271028,63.24292476936912,8.479623556137085
P. vivax,bell,model2_bym2_ar1_ano_h1,112,112,11877,107,128599.8506306588,309092.26836868166,5.568543105283439,0.08715749540865268,0.29224973428176515,0.4711766961751267,0.19890070247141844,0.9030676071722463,0.794392523364486,60.818697525580234,8.57383418083191
P. vivax,bell,model2_bym2_ar1_ano_h1,113,113,11984,107,129360.2687900003,311975.09529735247,14.641127763429937,0.08047460616064406,0.29894373409275105,0.4133049750604251,0.28137643346096275,0.8509310337565714,0.7850467289719626,56.94806403252378,8.728365898132324
P. vivax,bell,model2_bym2_ar1_ano_h1,114,114,12091,107,129868.91387259928,314347.7089946986,24.63015355356436,0.07363647282592396,0.30785411892840947,0.5107810828742763,0.3029036939037456,0.8538877544857472,0.794392523364486,57.9717298967437,9.021865367889404
P. vivax,bell,model2_bym2_ar1_ano_h1,115,115,12198,107,130556.2674051266,322781.2213289031,21.867010237287285,0.06984747200974102,0.27013562420874354,0.47730321749763227,0.1820350733153959,0.9101301314775649,0.7757009345794392,56.63763876369226,8.329591035842896
P. vivax,bell,model2_bym2_ar1_ano_h1,116,116,12305,107,131867.08786424107,328145.948681853,1.9240893118085922,0.0792782689637551,0.26170939982719427,0.44869733833134245,0.14702585107551053,0.9313053172240152,0.7663551401869159,58.010387473531075,8.743667125701904
P. vivax,bell,model2_bym2_ar1_ano_h1,117,117,12412,107,132942.9919547778,329268.46402256127,32.84634388270416,0.11657726464595704,0.3281829198307573,0.5412679179730981,0.38278266832919483,0.9338535687268986,0.7850467289719626,57.6973513453907,8.715865135192871
P. vivax,bell,model2_bym2_ar1_ano_h1,118,118,12519,107,134254.64510356582,337725.4846793527,23.142873394811915,0.09594337928099826,0.3875000652365747,0.5815497500700573,0.3775076643602654,0.8467951269293869,0.7383177570093458,55.66942469131113,8.750682830810547
P. vivax,bell,model2_bym2_ar1_ano_h1,119,119,12626,107,135394.90920214192,344136.3074080277,16.064129180966674,0.08255375197640846,0.45559571551739075,0.7161121034537175,0.4112149756627921,0.7760260331008275,0.6728971962616822,56.80164253266779,8.775717735290527
P. vivax,bell,model2_bym2_ar1_ano_h1,120,120,12733,107,136677.90673562296,355282.2761145348,30.82572240866142,0.07999675859153337,0.4861910115238306,0.7674183867719183,0.3972188333532257,0.8085751172180282,0.6728971962616822,54.330286705254686,8.82933497428894
P. vivax,bell,model2_bym2_ar1_ano_h1,121,121,12840,107,137236.28974861192,361029.9143316606,29.01569350274599,0.09256674529677848,0.3630532024199503,0.5847221574809617,0.39848536542079255,0.8441323002658124,0.9626168224299065,317.8018955977856,9.055781126022339
P. vivax,bell,model2_bym2_ar1_ano_h1,122,122,12947,107,137939.98408569046,361700.9831232502,10.257716702488032,0.025490653997012284,0.13870684189410568,0.35526936820583904,0.029152006847061637,0.9903350955348454,0.9439252336448598,64.77493685473415,8.73935866355896
P. vivax,bell,model2_bym2_ar1_ano_h1,123,123,13054,107,138578.9371996771,362364.5340843152,6.7698771452545055,0.06316210183852648,0.21213345018036386,0.4167546754350825,0.1276019568953993,0.9494906671194141,0.8691588785046729,53.861489001344786,8.941349744796753
P. vivax,bell,model2_bym2_ar1_ano_h1,124,124,13161,107,139348.67235565622,363204.87722304044,8.312152452613539,0.0720466471256694,0.25418691816556627,0.4768912007904906,0.20956893551230027,0.8896934183191626,0.8317757009345794,50.70646742796012,8.839231729507446
P. vivax,bell,model2_bym2_ar1_ano_h1,125,125,13268,107,140003.5519370864,365091.7747332305,27.14040622169466,0.07695604143510028,0.2947006046977227,0.5469242485366622,0.3351660329945818,0.8340487905225973,0.8504672897196262,48.06997008679898,9.26100468635559
P. vivax,bell,model2_bym2_ar1_ano_h1,126,126,13375,107,140391.88365665078,369371.43772728165,18.307665952456823,0.06488767912475808,0.277152496188567,0.48373654647465286,0.23506620676578907,0.8865841414968598,0.8130841121495327,49.197606975163474,8.89232349395752
P. vivax,bell,model2_bym2_ar1_ano_h1,127,127,13482,107,141006.6287503089,372904.6478036589,18.771571118167905,0.05816512934442355,0.23590631889984615,0.48889293844283604,0.1688546651720257,0.9224095978227247,0.794392523364486,47.93730755721648,9.262765884399414
P. vivax,bell,model2_bym2_ar1_ano_h1,128,128,13589,107,142274.44217576092,377838.11122627987,2.211963623553612,0.07349862751380731,0.22081807150594085,0.5160808776236204,0.13914860099907808,0.9360871717268305,0.794392523364486,48.71569119806261,9.293119430541992
P. vivax,bell,model2_bym2_ar1_ano_h1,129,129,13696,107,143736.65700583946,378945.98203692585,3.2511945040951624,0.08506750396045949,0.28129179922536196,0.5323990203190619,0.2229311169781772,0.9017359998297557,0.7663551401869159,49.125552976677916,8.843798398971558
P. vivax,bell,model2_bym2_ar1_ano_h1,130,130,13803,107,144830.22037929393,377383.8788832512,3.1942046600560063,0.06892729930474761,0.24753864820383925,0.5436668054499448,0.19102367226753306,0.9151829636953109,0.7757009345794392,49.45735152588413,9.262035846710205
P. vivax,bell,model2_bym2_ar1_ano_h1,131,131,13910,107,145761.25314895192,378581.97089574754,15.332592693763091,0.06375866312421084,0.3100830536845004,0.603480441868868,0.24154458355094202,0.897422871970708,0.7570093457943925,49.27826984591578,8.980390310287476
P. vivax,bell,model2_bym2_ar1_ano_h1,132,132,14017,107,146824.39376617325,378283.9387925024,23.18211068006253,0.06557008116828379,0.38325872992136056,0.6679640278626792,0.30595990758625924,0.8730202702616376,0.7570093457943925,48.275223837079906,9.101881504058838
P. vivax,bell,model2_bym2_ar1_ano_h1,133,133,14124,107,147690.85182148594,379993.36473128037,26.614863627400343,0.07202251619992141,0.313440725408203,0.4900883164171616,0.36585644427811176,0.8877985830794461,0.9813084112149533,279.36048631635464,9.121391534805298
P. vivax,bell,model2_bym2_ar1_ano_h1,134,134,14231,107,148318.35482480685,380628.50366616185,14.076636420080956,0.054972800105083576,0.1958136639375934,0.41819481179881896,0.17657294609391247,0.9878453891370583,0.9532710280373832,56.01966440770778,9.58989429473877
P. vivax,bell,model2_bym2_ar1_ano_h1,135,135,14338,107,148918.22664702561,381263.7304279928,6.820370660630875,0.07012194411945596,0.23587108147870936,0.36016404314161093,0.20005050684689918,0.9329300381271985,0.9252336448598131,46.69553738800778,9.027222156524658
P. vivax,bell,model2_bym2_ar1_ano_h1,136,136,14445,107,149539.10985372122,382006.28202670405,3.321083119529283,0.05060950716460055,0.2014554444378525,0.4498103580688197,0.1072389197166707,0.9451433073929928,0.8691588785046729,43.297751635620024,9.250979661941528
P. vivax,bell,model2_bym2_ar1_ano_h1,137,137,14552,107,150230.50182464646,382753.6842239867,14.019276460608129,0.06372005242143211,0.2608923070539321,0.45587101182752615,0.17624469558936284,0.9279658480068046,0.8411214953271028,41.656198583245946,9.245466470718384
P. vivax,bell,model2_bym2_ar1_ano_h1,138,138,14659,107,150979.1872470224,384272.20660554385,11.305328102643799,0.0647962772176559,0.23351000794025195,0.4449118303376103,0.1435188261868741,0.9329403806465821,0.8878504672897196,41.3139688638769,9.191890239715576
P. vivax,bell,model2_bym2_ar1_ano_h1,139,139,14766,107,151887.08949426538,384679.95319938625,27.110342857632187,0.06875742404609542,0.2468257107853431,0.43779734286774596,0.26359891709809846,0.8933552234891458,0.8691588785046729,40.85516605185922,8.88920259475708
P. vivax,bell,model2_bym2_ar1_ano_h1,140,140,14873,107,152598.9621715084,386312.1111807263,14.32718123822568,0.0577945682601443,0.23963067375446426,0.5478904948595129,0.17835922905376636,0.9118593609546047,0.8037383177570093,41.173736585718984,8.953460216522217
P. vivax,bell,model2_bym2_ar1_ano_h1,141,141,14980,107,153709.22454302962,388736.31425471837,12.975558172525616,0.055291604791133056,0.22137407510868612,0.47137920614771683,0.1119432085978126,0.944882606214252,0.8037383177570093,41.5929483545925,9.034845113754272
P. vivax,bell,model2_bym2_ar1_ano_h1,142,142,15087,107,154295.28954691527,390597.3056060912,8.399523556223858,0.06909162527835125,0.22242410441243074,0.4684113898985148,0.1659905358971432,0.915450069370499,0.8785046728971962,41.993843752347864,9.169032335281372
P. vivax,bell,model2_bym2_ar1_ano_h1,143,143,15194,107,155120.5211543296,393808.1082829917,3.7292894317897067,0.07913824285804442,0.30383320430618976,0.47306656000394054,0.2705328830915508,0.8657225244153643,0.8411214953271028,41.98721711221665,9.119934558868408
P. vivax,bell,model2_bym2_ar1_ano_h1,144,144,15301,107,156066.10660015454,396253.575867426,16.139078175109425,0.07011854480030547,0.29353358538353663,0.512329047141144,0.2590218729498166,0.9089737809026567,0.8598130841121495,42.01269232328395,9.0005340576171875
P. vivax,bell,model2_bym2_ar1_ano_h1,145,145,15408,107,157021.41698141568,399104.6433948399,24.74298711770045,0.08299051878873508,0.3001909378953791,0.4667196996039931,0.3219255232455779,0.9058125427072716,0.9906542056074766,238.19853906702133,9.946565866470337
P. vivax,bell,model2_bym2_ar1_ano_h1,146,146,15515,107,157596.88885480422,399678.40634690376,4.924385338996081,0.049968491556018166,0.17849601915077634,0.36971191569123574,0.0867841785334422,0.9669241186053473,0.9439252336448598,50.766061937024155,9.62953233718872
P. vivax,bell,model2_bym2_ar1_ano_h1,147,147,15622,107,158122.3239973165,400229.5851613161,0.0750022768246695,0.07529042744978175,0.1972404860843779,0.33124520691759535,0.15884913422247632,0.9216665541820559,0.9252336448598131,42.83987489961901,10.948323726654053
P. vivax,bell,model2_bym2_ar1_ano_h1,148,148,15729,107,158707.37775532147,400960.5343472961,6.411776813024542,0.06837748540149183,0.22258527198285258,0.44553839105750326,0.1564221783815829,0.9206631090759448,0.8598130841121495,40.58649875433987,10.232823371887207
P. vivax,bell,model2_bym2_ar1_ano_h1,149,149,15836,107,159337.27763772808,402538.2575127301,15.99014915383618,0.07634205456480599,0.28283720987628497,0.4325382931012748,0.2633958945432131,0.8768541548744669,0.8785046728971962,39.78985020418138,10.544050693511963
P. vivax,bell,model2_bym2_ar1_ano_h1,150,150,15943,107,159770.99364577958,404664.00714514335,24.136796202562596,0.06709484606451482,0.2561253805892721,0.4257099533201426,0.2492171133503453,0.9099950062697083,0.8598130841121495,39.550203980920685,11.34072494506836
P. vivax,bell,model2_bym2_ar1_ano_h1,151,151,16050,107,160287.14889717035,407261.9948607811,37.33606353185805,0.06933176641850143,0.23592809849118537,0.3495904444465234,0.22631209289156043,0.9482320065437974,0.8504672897196262,39.03406345002293,10.309847593307495
P. vivax,bell,model2_bym2_ar1_ano_h1,152,152,16157,107,160942.170664487,413486.9358290214,33.176489253108784,0.06961706606733102,0.22059918734904876,0.4378955048962388,0.1542889730981683,0.9631238818151793,0.8037383177570093,40.5417192034462,10.39164400100708
P. vivax,bell,model2_bym2_ar1_ano_h1,153,153,16264,107,161996.21624466323,417670.7640049736,30.130208921828444,0.06834320999203286,0.20190585309814058,0.3985203679006606,0.1272848999738082,0.9635379813584872,0.822429906542056,41.58498499201306,10.024721622467041
P. vivax,bell,model2_bym2_ar1_ano_h1,154,154,16371,107,163129.44056827234,417868.7201108998,11.50928008726207,0.056652489466868225,0.21327564569185622,0.3871659271668787,0.12880321359634983,0.9361187137344981,0.8411214953271028,43.069917612847014,11.202503681182861
P. vivax,bell,model2_bym2_ar1_ano_h1,155,155,16478,107,164183.5575962405,423023.1537587202,3.329638219052141,0.05230948543261747,0.23805787652069244,0.428414020883406,0.15778334412314937,0.9202128414132528,0.8130841121495327,42.92331715570746,10.359738111495972
P. vivax,bell,model2_bym2_ar1_ano_h1,156,156,16585,107,165003.50775331486,423089.8270485954,8.196991998018564,0.058272552699490165,0.2651092378424842,0.4512832102044513,0.19964586345495194,0.9027632885545767,0.8411214953271028,41.9939403369644,10.463361501693726
P. vivax,bell,model2_bym2_ar1_ano_h1,157,157,16692,107,165934.82481797895,421394.75171965105,30.483364086074754,0.08416778208385474,0.3566349866042217,0.5592862442840306,0.4054587661193085,0.863200209595923,1,277.34961059493685,10.67149043083191
P. vivax,bell,model2_bym2_ar1_ano_h1,158,158,16799,107,166527.86566722856,421980.6087391216,6.419335579137298,0.019375210879290842,0.1284064342938242,0.3872704213059711,0.02396066814901122,0.9924693029227543,0.9439252336448598,52.243694451940364,10.60054087638855
P. vivax,bell,model2_bym2_ar1_ano_h1,159,159,16906,107,167090.463671698,422571.25843856717,2.5595998241627553,0.019342269569223303,0.12210794035231307,0.3143465795876569,0.020117657102589163,0.9909914558016816,0.9345794392523364,44.798853125230195,10.749340057373047
P. vivax,bell,model2_bym2_ar1_ano_h1,160,160,17013,107,167671.52747039055,423161.6793056055,9.598776955020345,0.03078928408153483,0.171314180201805,0.4333611000319573,0.06330351791069949,0.9851155640061261,0.8878504672897196,41.50924715003337,10.854738235473633
P. vivax,bell,model2_bym2_ar1_ano_h1,161,161,17120,107,168302.36181434762,423836.7383510442,1.7528389108215339,0.01716928892384446,0.10714827788588567,0.3778056475263195,0.015528185441204169,0.9924968948028603,0.9158878504672897,39.699903138877595,10.818488359451294
P. vivax,bell,model2_bym2_ar1_ano_h1,162,162,17227,107,168853.42801118016,424528.0681408792,5.791542124074419,0.03847318585658257,0.1933408323487669,0.3693526074388966,0.09889814585898896,0.9777791117123662,0.8504672897196262,39.17293275422279,10.572046756744385
P. vivax,bell,model2_bym2_ar1_ano_h1,163,163,17334,107,169518.8970823171,425577.98711023043,4.756664827466665,0.03680173531598837,0.22360669048273604,0.4064032540513236,0.08218804546489598,0.9760793844591683,0.822429906542056,36.94935066872448,10.371615648269653
P. vivax,bell,model2_bym2_ar1_ano_h1,164,164,17441,107,170192.40264809926,426388.0213800447,6.7115078382248665,0.030562811110847393,0.19447911539775434,0.4531916770183229,0.05755022341141564,0.9735625545948493,0.8411214953271028,37.26454998344418,10.72626781463623
P. vivax,bell,model2_bym2_ar1_ano_h1,165,165,17548,107,170955.11409856039,426823.37750108086,17.090639710681877,0.06046321919702761,0.27835247438489097,0.48513103745979785,0.22933936014869338,0.8946533176489241,0.822429906542056,37.978200657199714,10.848721742630005
P. vivax,bell,model2_bym2_ar1_ano_h1,166,166,17655,107,171766.02143927262,429146.28349650506,32.246142554183294,0.06721918037714962,0.2967296756469017,0.5260526292761865,0.22784773377267525,0.9544480083567461,0.7663551401869159,37.35795416575625,10.739244222640991
P. vivax,bell,model2_bym2_ar1_ano_h1,167,167,17762,107,172604.85962670387,431194.75375977287,24.53860605196295,0.0574048580245444,0.2547251760709875,0.4819732264167372,0.16902117041291626,0.9630692925607819,0.8317757009345794,39.117450840232316,11.09731674194336
P. vivax,bell,model2_bym2_ar1_ano_h1,168,168,17869,107,173690.8319378813,432690.68862336397,6.078321951983548,0.034083187770018473,0.2043983337108402,0.5056561552329427,0.07933461442068467,0.9777296973648291,0.8504672897196262,39.037145726830225,10.612805366516113
P. vivax,bell,model2_bym2_ar1_ano_h1,169,169,17976,107,174593.26305661548,434001.9008387269,49.28997169093547,0.08795310469698958,0.379128956403461,0.5969222006327023,0.4091218195204401,0.975627890437203,0.9719626168224299,249.25707729335812,11.153438091278076
P. vivax,bell,model2_bym2_ar1_ano_h1,170,170,18083,107,175201.7781674148,434583.25729001395,10.405805660255583,0.04275457343730314,0.17232507605223094,0.4063114925955781,0.11426646301007215,0.9586127543457224,0.9532710280373832,55.491393596155845,10.878519535064697
P. vivax,bell,model2_bym2_ar1_ano_h1,171,171,18190,107,175789.62025461893,435232.89011420985,1.9482750779470963,0.02491377209101651,0.13393444825863474,0.33563587195155664,0.037764966333552856,0.9809662311247024,0.9345794392523364,47.11088480782802,11.678536653518677
P. vivax,bell,model2_bym2_ar1_ano_h1,172,172,18297,107,176345.64489450917,435881.9789205385,10.150978099090219,0.05252147144909181,0.20368520490532202,0.39673609089747325,0.12792336211483707,0.9835423118833327,0.8785046728971962,43.9053482084604,10.770897388458252
P. vivax,bell,model2_bym2_ar1_ano_h1,173,173,18404,107,176959.5111983183,436787.8440198443,16.279040553713997,0.03742638810031402,0.1781906455593634,0.4618534188681185,0.06970892382416731,0.967131609050385,0.8411214953271028,41.78558850587384,11.13464879989624
P. vivax,bell,model2_bym2_ar1_ano_h1,174,174,18511,107,177712.42295462987,438092.8588955667,15.110083250442813,0.057597748027729045,0.22358417450949997,0.42548569702768285,0.12532021444562688,0.9396411998262558,0.8504672897196262,43.61046278660779,10.636156797409058
P. vivax,bell,model2_bym2_ar1_ano_h1,175,175,18618,107,178503.06101769608,440160.1980836853,30.661068474555698,0.0781112182578251,0.2476729029014962,0.512718920219117,0.20503812128874757,0.8977684169914303,0.8317757009345794,43.18462617845486,10.647457838058472
P. vivax,bell,model2_bym2_ar1_ano_h1,176,176,18725,107,178969.84146163496,442402.4821594743,47.243388957622855,0.05955615071793305,0.2609271222656629,0.5070750440453922,0.15715630781919626,0.9455247121179873,0.7476635514018691,43.87654857591703,10.87090516090393
P. vivax,bell,model2_bym2_ar1_ano_h1,177,177,18832,107,180325.8239711795,445627.8007934503,57.291334971272434,0.07003518308904222,0.27354615638999946,0.5142955897309616,0.2042330164890708,0.9340686298194032,0.7476635514018691,46.74290358552329,11.214691162109375
P. vivax,bell,model2_bym2_ar1_ano_h1,178,178,18939,107,181422.1170853458,452653.64733679354,58.47322661283094,0.07481877532749956,0.2552263701992545,0.5005807311874321,0.19303904140707337,0.9451917249392414,0.7289719626168224,48.22299032037755,10.982580661773682
P. vivax,bell,model2_bym2_ar1_ano_h1,179,179,19046,107,183048.1336331354,461650.40059896425,56.637678036808715,0.0763623054941104,0.2552721943338444,0.5030859282976486,0.21239848523615246,0.9423815960571231,0.7570093457943925,49.08274976775589,10.791223764419556
P. vivax,bell,model2_bym2_ar1_ano_h1,180,180,19153,107,184303.73638995626,479279.7333615876,19.724211591937973,0.045702902519034354,0.1866836134052213,0.36217192257833214,0.10658907552995642,0.9590295286655751,0.8598130841121495,51.28897523382562,10.992257833480835
P. vivax,bell,model2_bym2_ar1_ano_h1,181,181,19260,107,185798.82646836794,482878.7029369716,74.79386324171587,0.09201810973653882,0.37106725915531885,0.6088906276941437,0.4049142082405157,0.9692030670299777,0.9813084112149533,359.8224740616182,11.234053611755371
P. vivax,bell,model2_bym2_ar1_ano_h1,182,182,19367,107,186442.97257346666,483519.7171699622,22.255994739082364,0.04285123128284648,0.1717088461110208,0.29695964077166,0.08166360862856213,0.9896730264317783,0.9252336448598131,70.68444272121025,11.155298233032227
P. vivax,bell,model2_bym2_ar1_ano_h1,183,183,19474,107,187061.9581928092,484199.95579335524,21.832342113928096,0.05304134724844596,0.20080621000746623,0.4437256845930592,0.10822521129338263,0.985314792509514,0.8504672897196262,59.76698458898077,11.710280179977417
P. vivax,bell,model2_bym2_ar1_ano_h1,184,184,19581,107,187763.56886237196,484949.33453956764,20.43936425106497,0.05686704364004079,0.23047171366676042,0.38921824158021784,0.13914221495816723,0.9745288670106601,0.8504672897196262,54.53961967303344,11.633298873901367
P. vivax,bell,model2_bym2_ar1_ano_h1,185,185,19688,107,188468.86992039625,485821.40787132375,12.383955705382895,0.07168040270322452,0.20563556752103493,0.3702313552275954,0.1617057295283586,0.9606108767371048,0.8691588785046729,50.48891304503236,10.950770616531372
P. vivax,bell,model2_bym2_ar1_ano_h1,186,186,19795,107,189138.96642496128,487080.8974582391,14.782534749779382,0.07040574682562052,0.2266725303447301,0.39650844301736904,0.18524222133553908,0.9563572339956476,0.8691588785046729,49.324940648997014,11.455814599990845
P. vivax,bell,model2_bym2_ar1_ano_h1,187,187,19902,107,189881.85689847387,487976.31886181375,0.7200950286564696,0.11543179927598073,0.300578769552201,0.404802609476122,0.30558091996590236,0.8693972076443535,0.8130841121495327,48.73279770536842,11.89734935760498
P. vivax,bell,model2_bym2_ar1_ano_h1,188,188,20009,107,190693.9243566085,491007.34220325237,12.18529607832403,0.08699367327149263,0.26099106810945294,0.4465286771009927,0.19175555756050996,0.9045281387551051,0.7663551401869159,48.286552373654104,11.104189395904541
P. vivax,bell,model2_bym2_ar1_ano_h1,189,189,20116,107,191692.54305436634,491543.31689155375,10.144386381231914,0.07658678075475875,0.24546323051251986,0.4525268883222877,0.16378705987846404,0.9213879077197186,0.7383177570093458,48.859080925830206,11.494767665863037
P. vivax,bell,model2_bym2_ar1_ano_h1,190,190,20223,107,192547.80065766274,497002.3150096951,18.42578414351808,0.06946794784482609,0.23214256353450566,0.5191562026743856,0.1546680377370112,0.9217982407791716,0.7476635514018691,49.27929413044714,12.025991201400757
P. vivax,bell,model2_bym2_ar1_ano_h1,191,191,20330,107,193538.6497577995,502419.6667941011,1.5746709246965835,0.09030183426453904,0.2626621643528025,0.49216062421741485,0.1936037562796029,0.9054010637201338,0.7476635514018691,49.22344632168389,11.799556493759155
P. vivax,bell,model2_bym2_ar1_ano_h1,192,192,20437,107,194807.54994452873,507351.6688831396,16.316667155013825,0.09422996368900967,0.3019766762603638,0.49882423515371593,0.20870356245341432,0.9145691717107121,0.7570093457943925,49.76721401749277,12.081300497055054
P. vivax,bell,model2_bym2_ar1_ano_h1,193,193,20544,107,195915.07236197797,506347.72933858924,33.23574298270497,0.0831671363731633,0.2741074730013604,0.4430187779903062,0.28085335231126207,0.9386306804701577,0.9906542056074766,347.220088811753,12.680010080337524
P. vivax,bell,model2_bym2_ar1_ano_h1,194,194,20651,107,196518.64360360336,506936.10730943317,13.553002939025443,0.05762551355643292,0.18010071050259133,0.34915058685054484,0.10969014853300643,0.98009136418786,0.9345794392523364,61.03163745229188,13.016048908233643
P. vivax,bell,model2_bym2_ar1_ano_h1,195,195,20758,107,197103.27262957607,507566.34827527386,13.882508443010432,0.0795250006012543,0.20390315274920012,0.31968742923515686,0.1821203164950082,0.9742616006430118,0.9158878504672897,51.53034498274807,13.338473081588745
P. vivax,bell,model2_bym2_ar1_ano_h1,196,196,20865,107,197713.03240410233,508203.98266165063,2.3210000671671738,0.10113697794059467,0.278037340402821,0.3768687547101327,0.30535963273205385,0.8655683980404745,0.8504672897196262,46.796704373407195,12.566344499588013
P. vivax,bell,model2_bym2_ar1_ano_h1,197,197,20972,107,198446.30892313147,508999.7698091421,13.283415271448877,0.052529912778140425,0.2039769426245701,0.4429943394113978,0.12061230970281528,0.9435986134662815,0.8317757009345794,45.25265453384867,12.201723098754883
P. vivax,bell,model2_bym2_ar1_ano_h1,198,198,21079,107,199218.65215590034,509920.9459740587,7.025133838305033,0.07178464013186044,0.25143611517831654,0.47821870937798194,0.1966866914103759,0.8970275542221577,0.8317757009345794,45.84073098039613,12.332471370697021
P. vivax,bell,model2_bym2_ar1_ano_h1,199,199,21186,107,200079.73054241054,511058.06054697174,23.356203290748645,0.08033181643229101,0.2240049618225187,0.4544566151666594,0.19099150395180717,0.9180260458270605,0.7757009345794392,44.751063480818544,12.192517518997192
P. vivax,bell,model2_bym2_ar1_ano_h1,200,200,21293,107,201066.19197777202,512648.044369457,8.969905976379009,0.054172299059157734,0.23271685846002663,0.49729635720029963,0.1234685761309356,0.939477161579621,0.7570093457943925,44.34874867289508,12.126832962036133
P. vivax,bell,model2_bym2_ar1_ano_h1,201,201,21400,107,202085.84204455736,513180.6733880902,9.929801145404431,0.042146825179914506,0.18092294411164125,0.5009146115666553,0.07448720321346743,0.9646855630078046,0.794392523364486,46.652287918521836,12.3994300365448
P. vivax,bell,model2_bym2_ar1_ano_h1,202,202,21507,107,202951.67534134738,514585.658159871,11.954589622584287,0.04081236890290842,0.18147150919416244,0.3791649411151858,0.0978386371688233,0.9610264305356241,0.794392523364486,45.643124737406524,12.318874835968018
P. vivax,bell,model2_bym2_ar1_ano_h1,203,203,21614,107,203843.78895742074,515448.4609156758,3.0071728257623,0.04615997930417934,0.19842402983631316,0.37983941393540477,0.10139689645496527,0.9497356158218281,0.8411214953271028,45.52490956891967,12.529449462890625
P. vivax,bell,model2_bym2_ar1_ano_h1,204,204,21721,107,204663.36578169442,515751.1177527113,16.699767947168077,0.0598496073603649,0.24403416129098204,0.39457207312970716,0.15646241985224474,0.9586786433257086,0.8411214953271028,46.206605709569665,11.986724615097046
P. vivax,bell,model2_bym2_ar1_ano_h1,205,205,21828,107,205478.95729705668,516573.84426321066,27.863619326878805,0.08761008024483109,0.2849489886789166,0.49227909790531443,0.27715133317418245,0.9362045329977654,0.9906542056074766,276.6413987874281,12.261750221252441
P. vivax,bell,model2_bym2_ar1_ano_h1,206,206,21935,107,206114.90800427107,517195.0218060977,8.967017396995422,0.04210437137918361,0.16893187585898425,0.38291997549764545,0.07569700962632682,0.9698695961662058,0.9158878504672897,54.53302995046218,12.558382272720337
P. vivax,bell,model2_bym2_ar1_ano_h1,207,207,22042,107,206706.25669190116,517826.8534088201,3.0169348437960477,0.03882628800772171,0.1544397118602734,0.43051544298264244,0.06213321366198518,0.9693838650782096,0.9065420560747663,46.234029612755016,12.390279054641724
P. vivax,bell,model2_bym2_ar1_ano_h1,208,208,22149,107,207323.10189283942,518466.99097036594,0.6874696179578713,0.044492253663797804,0.15554601677566024,0.4225394606288369,0.07719369188934727,0.9606626501405988,0.9158878504672897,44.13950762911078,13.283793449401855
P. vivax,bell,model2_bym2_ar1_ano_h1,209,209,22256,107,207964.1334549519,519131.1976371653,0.14395258224687982,0.07029345958735413,0.18959869060301623,0.32939887677381463,0.12640807179168367,0.935994579305508,0.897196261682243,41.86942914653315,13.560609579086304
P. vivax,bell,model2_bym2_ar1_ano_h1,210,210,22363,107,208595.43480029365,519778.4065946148,8.503470679434061,0.04382941430677074,0.15164234684979813,0.5029621094704465,0.07413270852609105,0.971214262998332,0.897196261682243,41.175214818247625,12.91039490699768
P. vivax,bell,model2_bym2_ar1_ano_h1,211,211,22470,107,209197.65429072015,520404.4674809184,8.053386747680259,0.04732580556056842,0.17762734019368256,0.3762079965777224,0.08364052723623795,0.9614110049020334,0.8411214953271028,41.45485978309742,12.091360092163086
P. vivax,bell,model2_bym2_ar1_ano_h1,212,212,22577,107,209857.15841787503,521222.52547451906,11.993812209274498,0.04551126839735692,0.18360771371912496,0.4137183530503384,0.08398582800021007,0.9673592743703758,0.8317757009345794,40.31126939961191,11.956371784210205
P. vivax,bell,model2_bym2_ar1_ano_h1,213,213,22684,107,210659.76821865872,522084.1047287111,15.211561637600523,0.05242198515669553,0.2120850032153316,0.4480422781125448,0.19174630952988128,0.933536981938229,0.8598130841121495,40.97702052958005,12.25859522819519
P. vivax,bell,model2_bym2_ar1_ano_h1,214,214,22791,107,211344.80374648463,525478.7817646977,12.105025942873615,0.045976351402370934,0.20296805789392808,0.5208571111716965,0.11782193225091851,0.9505025241536196,0.8317757009345794,41.48227644019223,12.429220199584961
P. vivax,bell,model2_bym2_ar1_ano_h1,215,215,22898,107,212253.30863694366,526558.9049187099,0.9285624179888864,0.058166199241883466,0.22723952614725382,0.5367264750583303,0.1438086322231715,0.9263234792119691,0.7850467289719626,41.35167528835077,12.25249171257019
P. vivax,bell,model2_bym2_ar1_ano_h1,216,216,23005,107,213413.6174105371,526492.2609026942,10.597225481255283,0.08584493298498598,0.29048181543844204,0.4801676578254873,0.24136761406509583,0.9202905728524666,0.8317757009345794,41.03414110062991,12.358669519424438
P. falciparum,bell,model2_bym2_ar1_ano_h1,109,109,11556,107,81187.56079370697,114482.01860891184,15.516798900795836,0.13502268909232568,0.4563758438745251,0.6916781801816768,0.5881686273314177,0.8702325195110572,0.9813084112149533,79.19650960221733,8.178298711776733
P. falciparum,bell,model2_bym2_ar1_ano_h1,110,110,11663,107,81656.3184762307,114908.20639684288,5.489675365397779,0.10570679262199253,0.3316780440627346,0.5200918466414005,0.39978461254404624,0.9137871605314314,0.9439252336448598,26.465975732551566,8.303125858306885
P. falciparum,bell,model2_bym2_ar1_ano_h1,111,111,11770,107,82104.88130587604,115429.46702221238,2.858001838240869,0.06795866641406367,0.3090898131628111,0.4227337838792318,0.214517005468834,0.9222089829915013,0.9252336448598131,21.1914365985297,8.394594192504883
P. falciparum,bell,model2_bym2_ar1_ano_h1,112,112,11877,107,82527.53917775211,115872.49681595011,4.736447807281048,0.10682108812447752,0.3789111210054415,0.5137234244991744,0.35092855919892263,0.9110546631195952,0.9158878504672897,19.64039188730394,8.29721975326538
P. falciparum,bell,model2_bym2_ar1_ano_h1,113,113,11984,107,82973.9044965196,116336.2134232407,2.302081628813606,0.0909145916371818,0.28725788393315144,0.504347291837135,0.19808304854721268,0.9196964030149329,0.9158878504672897,17.919094781013168,8.670159101486206
P. falciparum,bell,model2_bym2_ar1_ano_h1,114,114,12091,107,83414.55136009103,116785.78816910216,0.5272451680036628,0.05325520981856962,0.21959638521336342,0.4537056814792236,0.10087975632116243,0.9505730916756654,0.9158878504672897,17.3304638124612,7.829448461532593
P. falciparum,bell,model2_bym2_ar1_ano_h1,115,115,12198,107,83862.08655060778,117239.203783107,0.08032149782720724,0.06313339560391831,0.26397126205932303,0.4979482857500643,0.11441586296494544,0.9430497531996251,0.8878504672897196,16.6843809101814,7.535799741744995
P. falciparum,bell,model2_bym2_ar1_ano_h1,116,116,12305,107,84366.0377118829,117767.08007007476,2.1060404550549463,0.06542000911541394,0.28130201624186785,0.5586782453269021,0.1739893445434338,0.9158143369916385,0.9252336448598131,16.815984395056937,7.697338819503784
P. falciparum,bell,model2_bym2_ar1_ano_h1,117,117,12412,107,84860.5102698339,118275.40379493956,3.6725226517492167,0.06470832391001166,0.34572725255359354,0.6729869765326326,0.2010861635660432,0.904541865878759,0.8785046728971962,16.470969708842276,7.9002368450164795
P. falciparum,bell,model2_bym2_ar1_ano_h1,118,118,12519,107,85371.70430411221,118804.10754331147,1.2480080721114435,0.0688792965123274,0.34079757583125464,0.6376361204345787,0.28644619456863857,0.8773748879986688,0.897196261682243,15.958173364007285,7.76703405380249
P. falciparum,bell,model2_bym2_ar1_ano_h1,119,119,12626,107,85919.09304160962,119403.15761286423,6.677456925012742,0.08938129358030865,0.399336341727925,0.6572469241140233,0.42792208407961696,0.8452669699350014,0.8504672897196262,15.701054659654872,7.727089166641235
P. falciparum,bell,model2_bym2_ar1_ano_h1,120,120,12733,107,86580.80026240871,120397.9357191257,6.4474756731484675,0.08590077705718215,0.377674582481976,0.7200820117446254,0.3861427777294007,0.8846719814990817,0.8504672897196262,15.962321779884128,7.974779844284058
P. falciparum,bell,model2_bym2_ar1_ano_h1,121,121,12840,107,87213.43981055953,121791.10754198467,17.58463059490009,0.10021103329185717,0.4587299368004642,0.6323747366564418,0.7039141315155932,0.8768919420249608,0.9719626168224299,73.51513956623903,8.488679647445679
P. falciparum,bell,model2_bym2_ar1_ano_h1,122,122,12947,107,87657.79345994018,122226.30671062556,3.6414443305431834,0.045827514879416054,0.18902953358780056,0.4391203556445395,0.12939363182372227,0.9640390226843732,0.9719626168224299,24.94330788797812,8.845370054244995
P. falciparum,bell,model2_bym2_ar1_ano_h1,123,123,13054,107,88033.8754987848,122613.41719829255,6.565088302344862,0.075928367674317293,0.32180309007756575,0.43145044099074553,0.3777554711719475,0.9684885851499668,0.9252336448598131,20.246244531735183,7.927685737609863
P. falciparum,bell,model2_bym2_ar1_ano_h1,124,124,13161,107,88431.78232104552,123034.53472225879,1.0485759606279845,0.03113154989840959,0.19245077141238176,0.42468817247284474,0.06710815014295274,0.9685339964032758,0.9345794392523364,18.06323621571297,8.059098958969116
P. falciparum,bell,model2_bym2_ar1_ano_h1,125,125,13268,107,88823.59827932416,123433.33708859829,0.8909020441097143,0.06316452036570878,0.3011996332286188,0.5190653573280068,0.24090691690904226,0.9202376842090229,0.9065420560747663,16.973106073461945,7.8799073696136475
P. falciparum,bell,model2_bym2_ar1_ano_h1,126,126,13375,107,89299.64163986502,123939.3904857359,0.6273742269797709,0.03967121897352253,0.2372046594801947,0.5364417274010896,0.10298078002891986,0.9499962863584899,0.9065420560747663,16.20740054232607,7.831571578979492
P. falciparum,bell,model2_bym2_ar1_ano_h1,127,127,13482,107,89771.18879123473,124430.2741205332,2.082858185206791,0.05416769438444558,0.25384747988530126,0.4996253649377035,0.15882308133325412,0.9303933218887865,0.8878504672897196,16.276216863259062,7.877633810043335
P. falciparum,bell,model2_bym2_ar1_ano_h1,128,128,13589,107,90283.73748026203,124972.46552244315,2.9399479626149265,0.06193963369115363,0.26260818445585604,0.37896247503952596,0.24409164891331508,0.9501538794899287,0.9345794392523364,16.336606878627904,8.107269287109375
P. falciparum,bell,model2_bym2_ar1_ano_h1,129,129,13696,107,90671.51269000172,125340.51746502903,2.497101438535316,0.1002697885305867,0.34971941752269686,0.43974254748214375,0.4529581511724389,0.8744523281531923,0.9158878504672897,15.74718502816557,8.38098931312561
P. falciparum,bell,model2_bym2_ar1_ano_h1,130,130,13803,107,91137.44134297103,125972.8694703563,2.9979763066963097,0.05311561898968452,0.2737580602010525,0.41231931061049576,0.22429470584670338,0.9239731570658801,0.9345794392523364,16.198064115677273,8.4904327392578125
P. falciparum,bell,model2_bym2_ar1_ano_h1,131,131,13910,107,91576.56697798059,126310.70260686058,1.9671055502558157,0.04004063222016303,0.278152256183002,0.4983921724846288,0.14957569158252956,0.9228239168296869,0.897196261682243,15.566440943896112,8.330448389053345
P. falciparum,bell,model2_bym2_ar1_ano_h1,132,132,14017,107,91983.33657229829,126692.94320393738,3.8058837712437237,0.056368881609031425,0.390002780354795,0.5654074962258413,0.30126486184698287,0.855684149040749,0.9439252336448598,15.570124415831224,8.52503228187561
P. falciparum,bell,model2_bym2_ar1_ano_h1,133,133,14124,107,92409.37892086669,127124.20980190631,9.338031178200971,0.07225351486580646,0.3611740873335256,0.5299119972152022,0.5188302236525385,0.9045282840799311,1,76.11411639670912,9.109550952911377
P. falciparum,bell,model2_bym2_ar1_ano_h1,134,134,14231,107,92778.5777216824,127489.54191411365,4.8505131606065435,0.07481864351109319,0.33219000565661283,0.37480591370393035,0.5093363120959284,0.9809444296462488,0.9719626168224299,19.032174164544966,9.179734945297241
P. falciparum,bell,model2_bym2_ar1_ano_h1,135,135,14338,107,93124.3752386388,127856.67241619193,3.0413253369189377,0.06880373385066221,0.31106759568622,0.43116418430095127,0.3696478216881687,0.9548795059272097,0.9532710280373832,15.41234961768225,9.128255128860474
P. falciparum,bell,model2_bym2_ar1_ano_h1,136,136,14445,107,93434.96198805864,128191.29082664533,0.6945028820841492,0.021490390382695543,0.17301037868916638,0.42594493812965684,0.03945305530559531,0.9814373669114066,0.9626168224299065,13.289134985119002,9.112690448760986
P. falciparum,bell,model2_bym2_ar1_ano_h1,137,137,14552,107,93718.30693545057,128459.46060789799,2.861010756167728,0.03410461012540642,0.22301352897202742,0.4330191900396214,0.1046416924327432,0.9814528169953524,0.9345794392523364,12.684209738804322,8.633121728897095
P. falciparum,bell,model2_bym2_ar1_ano_h1,138,138,14659,107,94077.03402841603,128828.38135985952,0.06014211362501274,0.018363001286572964,0.15204216773413043,0.35225210545601315,0.028813700044468357,0.9859027226038557,0.9719626168224299,12.702364424057947,8.82239818572998
P. falciparum,bell,model2_bym2_ar1_ano_h1,139,139,14766,107,94351.96696020965,129101.15857417417,3.715254120672986,0.05333522926585567,0.20452006976556902,0.3779666669184078,0.17480968417356565,0.918823781131091,0.9532710280373832,11.942422379895715,9.312183618545532
P. falciparum,bell,model2_bym2_ar1_ano_h1,140,140,14873,107,94677.29858140327,129462.24980423675,1.6248134376478025,0.03416389871471346,0.20949661369105613,0.37427623030784873,0.0838812539453046,0.9576300207630339,0.9439252336448598,12.23577757849501,9.495706558227539
P. falciparum,bell,model2_bym2_ar1_ano_h1,141,141,14980,107,94988.26268275676,129748.92431994485,0.37848593572535705,0.020583072107062023,0.14317293289047683,0.3210971652126003,0.037217104650484334,0.9816551830520388,0.9532710280373832,12.482517955709767,8.873774528503418
P. falciparum,bell,model2_bym2_ar1_ano_h1,142,142,15087,107,95301.2536339068,130060.35910381551,3.2704579617249956,0.037243426816547916,0.262938039795307,0.38034854217362946,0.13028752457881726,0.9837988737537939,0.9439252336448598,12.39661107857779,8.924254417419434
P. falciparum,bell,model2_bym2_ar1_ano_h1,143,143,15194,107,95639.1740849542,130402.63502245059,4.043761571616859,0.04191439344244799,0.3013424157209768,0.49887750046373924,0.16838308436813454,0.9781452467750513,0.9439252336448598,11.925415155370223,8.722809314727783
P. falciparum,bell,model2_bym2_ar1_ano_h1,144,144,15301,107,95934.36733298059,130698.73008698036,4.217418593016777,0.0663791125782568,0.44056923191235453,0.5317258424679056,0.39929310955054775,0.9562379173181427,0.8878504672897196,11.649122242603205,9.4840087890625
P. falciparum,bell,model2_bym2_ar1_ano_h1,145,145,15408,107,96288.80742483893,131058.70265426322,3.651323996969053,0.04965953173376065,0.30935238333344245,0.49026530807700225,0.23435980545999632,0.9675143044281396,0.9906542056074766,59.858461088185685,9.55387020111084
P. falciparum,bell,model2_bym2_ar1_ano_h1,146,146,15515,107,96650.91946990867,131434.9824834417,0.9997546880498358,0.05624160239203312,0.2788660796599469,0.3663289966263261,0.22964757382462064,0.9358869033200745,0.9813084112149533,13.223278252924645,10.081721067428589
P. falciparum,bell,model2_bym2_ar1_ano_h1,147,147,15622,107,96892.92437098452,131684.44962677453,0.158673190247068,0.05403413622643775,0.22503209906117283,0.33575559962201385,0.1873092789005933,0.9424175255676638,0.9813084112149533,10.72643595741869,10.063395977020264
P. falciparum,bell,model2_bym2_ar1_ano_h1,148,148,15729,107,97116.44474874422,131908.4364995362,1.4424154069566717,0.03048418926075219,0.16729480945409317,0.2576244394813401,0.06314254402455381,0.9720760650804634,0.9719626168224299,10.119793064245172,10.360222816467285
P. falciparum,bell,model2_bym2_ar1_ano_h1,149,149,15836,107,97358.94843981897,132148.9154581318,0.2989199815930929,0.051814195987069336,0.26159292021350355,0.4650471368442467,0.15686751946527883,0.9262017165589174,0.9532710280373832,9.956093330672068,10.947313785552979
P. falciparum,bell,model2_bym2_ar1_ano_h1,150,150,15943,107,97605.63068368613,132404.1409896835,0.7473452486029795,0.03115020885479287,0.18201543930230699,0.319297760884168,0.07622310933247982,0.968248348636375,0.9813084112149533,9.445989936124338,9.62764573097229
P. falciparum,bell,model2_bym2_ar1_ano_h1,151,151,16050,107,97844.6407088151,132642.4972400599,1.3075795885722774,0.03697648012724909,0.18701705344233152,0.3369848018597436,0.08198093887365877,0.9598520138510852,0.9532710280373832,9.4237040959689,9.42398715019226
P. falciparum,bell,model2_bym2_ar1_ano_h1,152,152,16157,107,98099.80942861928,132899.178325723,1.7919177830442758,0.04717950537637259,0.17464042250890502,0.406424654871559,0.12859449364542164,0.9362202881071173,0.9532710280373832,9.484661698907969,9.618358612060547
P. falciparum,bell,model2_bym2_ar1_ano_h1,153,153,16264,107,98371.29081866994,133178.19133858988,0.18622020252261517,0.02695378029500018,0.19512098307743167,0.38942335155951946,0.062359271865222575,0.9708314011216922,0.9719626168224299,9.25140142189277,8.913104772567749
P. falciparum,bell,model2_bym2_ar1_ano_h1,154,154,16371,107,98630.78000955848,133437.83073479042,0.14773412114508933,0.03064236082477089,0.22352124790137948,0.4248181497714178,0.08370345579518745,0.9601908414859625,0.9626168224299065,9.358767801515958,9.696994543075562
P. falciparum,bell,model2_bym2_ar1_ano_h1,155,155,16478,107,98897.49783921898,133708.44033774734,0.8451447800574068,0.04420919855365682,0.32445790303112065,0.4607374530209,0.18274499573709277,0.9114067932000665,0.897196261682243,9.020981495358974,9.568711519241333
P. falciparum,bell,model2_bym2_ar1_ano_h1,156,156,16585,107,99272.70398751643,134096.57681232435,0.443252556159157,0.033386528681764296,0.2743667604487876,0.45211297229965886,0.10687403568179477,0.9470222871224246,0.9158878504672897,9.210689782180234,9.660956144332886
P. falciparum,bell,model2_bym2_ar1_ano_h1,157,157,16692,107,99616.2245855915,134443.6440936525,3.4981731441473074,0.06607271776917933,0.3675677565149406,0.4034291997323598,0.4435862434002504,0.9250105733543332,1,49.62275187656093,9.818779945373535
P. falciparum,bell,model2_bym2_ar1_ano_h1,158,158,16799,107,99870.2304852816,134690.28413369268,1.3297954144564839,0.02957660415091817,0.1831206724680367,0.3949882384461599,0.07650422383590348,0.9616385313074198,0.9719626168224299,10.936606884690722,10.29874038696289
P. falciparum,bell,model2_bym2_ar1_ano_h1,159,159,16906,107,100148.65710818543,134974.23574226032,0.739886469114952,0.03246679384847146,0.23662598517824607,0.351331293290701,0.09629946699381059,0.9796470682486197,0.9719626168224299,9.991380506288996,10.371383428573608
P. falciparum,bell,model2_bym2_ar1_ano_h1,160,160,17013,107,100422.9228746826,135255.25991499925,1.5612678769451414,0.02757797235642619,0.21742213104069558,0.4074709359821959,0.0736107639054353,0.9889102885550594,0.9813084112149533,8.819430261912494,10.441444396972656
P. falciparum,bell,model2_bym2_ar1_ano_h1,161,161,17120,107,100653.47654926992,135487.6525976248,1.286167286253881,0.027480533938018813,0.2127638384627953,0.3450826627962759,0.07134139612275665,0.9925319942167657,0.9906542056074766,8.385147241904845,10.294958591461182
P. falciparum,bell,model2_bym2_ar1_ano_h1,162,162,17227,107,100888.44256619964,135723.95029246277,0.3237047575749453,0.016822441281655432,0.14476175098661392,0.43791053879941594,0.026658984546894218,0.9866459832504911,0.9719626168224299,7.984837874781766,10.50835108757019
P. falciparum,bell,model2_bym2_ar1_ano_h1,163,163,17334,107,101183.68759381212,136116.33985263592,0.9603633656191325,0.02497888166825603,0.2253495972648474,0.3797877462854429,0.05630665393302564,0.9819940792751641,0.9813084112149533,7.83489244907571,10.188786029815674
P. falciparum,bell,model2_bym2_ar1_ano_h1,164,164,17441,107,101406.64499296198,136361.14782433963,0.6975466609014324,0.01936091890494902,0.17105433973273082,0.36130063825210446,0.034863745168286414,0.9888028341124502,0.9719626168224299,7.288139730588445,10.166463613510132
P. falciparum,bell,model2_bym2_ar1_ano_h1,165,165,17548,107,101620.96573757922,136737.55813896842,0.3880244823998296,0.028564304996062627,0.24549694404928118,0.3839287621344783,0.07019946133980352,0.9725733093646081,0.9439252336448598,7.595788403581075,11.362212657928467
P. falciparum,bell,model2_bym2_ar1_ano_h1,166,166,17655,107,101877.15947514513,137033.58233472187,2.4385684404561534,0.041141735333448594,0.2659252738708265,0.42114970915560707,0.1650716022831539,0.9808478286048203,0.9345794392523364,7.353383558498958,11.07089352607727
P. falciparum,bell,model2_bym2_ar1_ano_h1,167,167,17762,107,102168.67836934092,137371.18122204297,4.071019205657816,0.049854709132523885,0.30451774388135716,0.43831113404901245,0.25054557453370224,0.982905682558146,0.9158878504672897,7.430403429422919,10.39769721031189
P. falciparum,bell,model2_bym2_ar1_ano_h1,168,168,17869,107,102513.74984882856,137768.2081692517,1.384450141110678,0.0383858143967978,0.3097723145200647,0.3940529015366506,0.14323923109423625,0.9691769160624768,0.9345794392523364,7.379104979078075,10.485172510147095
P. falciparum,bell,model2_bym2_ar1_ano_h1,169,169,17976,107,102833.62206420877,138141.406171787,7.26511177623209,0.07984261920870761,0.4219479805666928,0.5128590108730589,0.5318445206594727,0.972877515692487,0.9906542056074766,40.49384047661013,10.583792448043823
P. falciparum,bell,model2_bym2_ar1_ano_h1,170,170,18083,107,103088.37183312254,138412.60875080925,2.234566528657186,0.06756613901966342,0.2591379714868065,0.31288292946799673,0.26498631303695613,0.9551129828835587,0.9719626168224299,12.305700986356467,11.312967538833618
P. falciparum,bell,model2_bym2_ar1_ano_h1,171,171,18190,107,103331.20920660971,138675.32907281345,1.2063637122333402,0.05505233841763667,0.32298894746313184,0.3737223202625553,0.20830792695588563,0.9072322193870633,0.9345794392523364,9.706036940186548,10.771067142486572
P. falciparum,bell,model2_bym2_ar1_ano_h1,172,172,18297,107,103545.62103818647,138892.98816463572,1.820722052589022,0.04271654443735364,0.23524060206433017,0.4159885535977341,0.10015352438552885,0.9795699611175183,0.9345794392523364,8.40506986238444,10.697261333465576
P. falciparum,bell,model2_bym2_ar1_ano_h1,173,173,18404,107,103796.63356703645,139154.54857038794,3.2311010962043873,0.04938294458344737,0.23607964911199875,0.30914988524910264,0.15291144623498532,0.9657756628148251,0.9439252336448598,8.12525085992456,10.906323909759521
P. falciparum,bell,model2_bym2_ar1_ano_h1,174,174,18511,107,104085.80209792953,139460.5888116839,1.326253783787099,0.02246914996947403,0.15185882847828872,0.391402222249092,0.03312877816815312,0.9910582471534382,0.9532710280373832,7.926344288938775,11.135160207748413
P. falciparum,bell,model2_bym2_ar1_ano_h1,175,175,18618,107,104374.85095777008,139744.49209304183,0.8068253128057065,0.02237548603990992,0.14704300818555438,0.4043041348058025,0.03248153378762013,0.9837992321617407,0.9345794392523364,8.093387040578904,11.842377185821533
P. falciparum,bell,model2_bym2_ar1_ano_h1,176,176,18725,107,104653.85643133557,140047.02681038924,1.882171305052114,0.033832175500631556,0.19298079248778227,0.4680971335928571,0.06913596197610786,0.9738615696867033,0.9158878504672897,7.79439758113148,11.122716188430786
P. falciparum,bell,model2_bym2_ar1_ano_h1,177,177,18832,107,105032.19986997206,140443.00361227238,4.025828628185043,0.049310130073821706,0.25310097415861593,0.45457954485106106,0.15888593857864328,0.9800551326690109,0.897196261682243,8.197146985019522,11.18285346031189
P. falciparum,bell,model2_bym2_ar1_ano_h1,178,178,18939,107,105364.5420186551,140760.42781624207,3.6182528872258763,0.043150004439034294,0.1883915309195415,0.35356162868965296,0.15229542687705905,0.9660045956065164,0.9439252336448598,8.17502841086952,10.19133996963501
P. falciparum,bell,model2_bym2_ar1_ano_h1,179,179,19046,107,105707.88595071706,141110.65059422902,3.4343868739848773,0.04040892103674998,0.24141839855248204,0.4913096743852301,0.12829018354310573,0.9737050400133086,0.9439252336448598,8.206878812453263,11.872433185577393
P. falciparum,bell,model2_bym2_ar1_ano_h1,180,180,19153,107,106071.6222722622,141483.16711702725,3.6371554579765055,0.04346405796958729,0.24417522735793964,0.4317261306508784,0.12581399214850214,0.9922893232368656,0.9252336448598131,8.37509995927577,11.397737979888916
P. falciparum,bell,model2_bym2_ar1_ano_h1,181,181,19260,107,106414.1678423248,141826.50407129334,9.350275571791753,0.09788266840750831,0.41892271692848176,0.49558827008497536,0.5301778222660771,0.984737390090528,1,42.9289836476935,11.76629090309143
P. falciparum,bell,model2_bym2_ar1_ano_h1,182,182,19367,107,106678.34141646187,142083.8726773927,1.4633722842605879,0.028001803987761458,0.15639626707560872,0.38382216706635897,0.04664046284240531,0.9965889227926513,0.9813084112149533,12.319291021573719,11.086046934127808
P. falciparum,bell,model2_bym2_ar1_ano_h1,183,183,19474,107,106923.42437030608,142337.58658512993,0.6256122106597942,0.03366130800718354,0.1901021563547526,0.48347480451437663,0.08546637343373516,0.9677162451207144,0.9626168224299065,10.086421900221435,9.866477489471436
P. falciparum,bell,model2_bym2_ar1_ano_h1,184,184,19581,107,107210.62424610059,142640.41312819318,1.7017070469142228,0.029610928640837923,0.17045040175729326,0.33340191944690317,0.07730220214648216,0.9669175394111779,0.9906542056074766,10.211134100418228,9.658792734146118
P. falciparum,bell,model2_bym2_ar1_ano_h1,185,185,19688,107,107431.52995447241,142861.10215733238,1.0336470417113923,0.026100698097810366,0.16023705475431488,0.37170055209025843,0.056551569304712515,0.980375456835056,0.9532710280373832,9.299741549266413,9.90018916130066
P. falciparum,bell,model2_bym2_ar1_ano_h1,186,186,19795,107,107684.24726795347,143115.16544649596,2.852265660748409,0.03295703138554564,0.23157231911338647,0.43231703964346796,0.09675406524632345,0.9823547267503064,0.9345794392523364,9.041932842175306,9.717663049697876
P. falciparum,bell,model2_bym2_ar1_ano_h1,187,187,19902,107,107955.40819176778,143396.13920626382,3.7944088420517406,0.0865678082130009,0.37655215038542983,0.32482226353959515,0.5214097487122387,0.9929020435972147,0.9345794392523364,8.609302605924688,9.539448499679565
P. falciparum,bell,model2_bym2_ar1_ano_h1,188,188,20009,107,108252.37146839673,143701.37884926616,0.588675704332108,0.013155606594473407,0.121242860449564,0.3429257104557428,0.013620099491927188,0.9939485777930367,0.9439252336448598,8.51911668345084,9.825093507766724
P. falciparum,bell,model2_bym2_ar1_ano_h1,189,189,20116,107,108557.49382316988,144009.20282366948,2.121247776972781,0.04562041211992287,0.2889550909606978,0.40814887405646755,0.15797081075783018,0.9928146546642378,0.9158878504672897,8.651281866488393,9.662280082702637
P. falciparum,bell,model2_bym2_ar1_ano_h1,190,190,20223,107,108879.82079840933,144341.0623437356,0.35009590952877523,0.02387272719571166,0.20521677425443713,0.4472436825968734,0.05065367619983632,0.9780034557182025,0.9158878504672897,8.411698651380533,9.895072221755981
P. falciparum,bell,model2_bym2_ar1_ano_h1,191,191,20330,107,109240.36692044545,144713.6188714594,0.08148661875975813,0.011165996794173521,0.11284674937572602,0.4683089145309785,0.009794678663958133,0.9950918815422672,0.9439252336448598,8.697278551183906,10.339890718460083
P. falciparum,bell,model2_bym2_ar1_ano_h1,192,192,20437,107,109523.3866879268,144991.46828916302,1.578603680923023,0.01428240605192631,0.13722535712859923,0.40342192712936703,0.016270434462416734,0.9974260045946067,0.9439252336448598,8.256498824648183,10.483755588531494
P. falciparum,bell,model2_bym2_ar1_ano_h1,193,193,20544,107,109756.08643461092,145204.3973768492,4.090962000485474,0.05595206059313257,0.3074391299914251,0.38778584551953155,0.2809804836729729,0.9852653468268261,0.9813084112149533,50.23821496029162,10.65587067604065
P. falciparum,bell,model2_bym2_ar1_ano_h1,194,194,20651,107,110019.94056296954,145464.40589258564,1.1370969026032016,0.03595849993917846,0.2606638497204256,0.3990739959133444,0.11429736965396392,0.9752373759829301,0.9813084112149533,10.407218774198823,11.218001365661621
P. falciparum,bell,model2_bym2_ar1_ano_h1,195,195,20758,107,110248.87986357542,145707.95641662242,2.4099225554871286,0.08296241018416155,0.37913067057278343,0.39724667326588925,0.5175416913514219,0.971791589092072,0.9813084112149533,8.462058083344534,11.237043142318726
P. falciparum,bell,model2_bym2_ar1_ano_h1,196,196,20865,107,110464.34020175673,145924.85683220316,0.2606256852903386,0.02535458412999069,0.17393757825476572,0.3981048439695432,0.05293103010929984,0.9747096415832677,0.9813084112149533,7.832479291059805,10.8895423412323
P. falciparum,bell,model2_bym2_ar1_ano_h1,197,197,20972,107,110712.99733638906,146171.90307453263,3.73019819446426,0.04058218747756917,0.2633207669677982,0.5202663150790018,0.1413952888797238,0.9805277600704436,0.9065420560747663,7.543311812935036,11.5999014377594
P. falciparum,bell,model2_bym2_ar1_ano_h1,198,198,21079,107,111035.19016601397,146519.59892246732,1.4948496160911664,0.01851654770701304,0.1620801166905908,0.42252778665789426,0.02844647580889663,0.9888718351546157,0.9158878504672897,8.034133115024359,11.379862070083618
P. falciparum,bell,model2_bym2_ar1_ano_h1,199,199,21186,107,111342.67440249288,146828.5990493787,2.1112445149772814,0.02264188590136083,0.16721588272311924,0.4537979029433692,0.039822522738949664,0.9852558484746754,0.9158878504672897,7.97102949691432,11.263896703720093
P. falciparum,bell,model2_bym2_ar1_ano_h1,200,200,21293,107,111679.38911276167,147173.14967174418,0.4869344589978915,0.01720852365419681,0.15427324108220947,0.4185397101958669,0.026442330419408484,0.9874578729259326,0.9158878504672897,8.113637177277477,11.445184469223022
P. falciparum,bell,model2_bym2_ar1_ano_h1,201,201,21400,107,112017.88514667422,147530.24073513085,0.2594255928578015,0.016103814470957524,0.1371249687557105,0.5030988080822514,0.02088645643738865,0.9913208360675079,0.9532710280373832,8.349130401158343,11.883744716644287
P. falciparum,bell,model2_bym2_ar1_ano_h1,202,202,21507,107,112331.14234798861,147867.23069620767,2.2461156785164724,0.02532531719866189,0.16942130861994048,0.361777754872995,0.05095020769757084,0.9907237320860868,0.9252336448598131,8.009138742083316,11.246688604354858
P. falciparum,bell,model2_bym2_ar1_ano_h1,203,203,21614,107,112647.70681538004,148165.1242262076,0.7794244675181515,0.03103943717264994,0.21118815726910914,0.34689574512784394,0.07196111984496832,0.9645201691053635,0.9345794392523364,8.18880782065509,12.124334335327148
P. falciparum,bell,model2_bym2_ar1_ano_h1,204,204,21721,107,112973.5735224495,148490.819782337,0.8677130694339283,0.029447586068376892,0.20189091611232324,0.366461115501637,0.0734685761857425,0.9725224435755061,0.9626168224299065,8.348830974921874,12.1078622341156
P. falciparum,bell,model2_bym2_ar1_ano_h1,205,205,21828,107,113258.95247877207,148774.2597207817,5.33569730031436,0.07066814110697087,0.37931627718230077,0.5276311105092686,0.34776124060732005,0.9783722168919803,0.9906542056074766,38.75545606230004,12.798466444015503
P. falciparum,bell,model2_bym2_ar1_ano_h1,206,206,21935,107,113550.61750113007,149060.3708473535,0.237512847838487,0.020427384274946753,0.16224001418281395,0.43082512167579295,0.028574461713870923,0.9872774177077057,0.9532710280373832,12.066144947012749,13.30031681060791
P. falciparum,bell,model2_bym2_ar1_ano_h1,207,207,22042,107,113824.50929564035,149345.91005148023,0.9643702131820681,0.020851785537168193,0.14989011849749317,0.3434895575361008,0.034892814185768804,0.9878642161052864,0.9813084112149533,10.290294820036678,12.794174194335938
P. falciparum,bell,model2_bym2_ar1_ano_h1,208,208,22149,107,114074.6357857218,149594.97376886365,0.9462967324984435,0.040870682610927044,0.22069113001545623,0.43776163535639623,0.11632161127249539,0.9417741488578413,0.9345794392523364,9.705876870798434,12.888766288757324
P. falciparum,bell,model2_bym2_ar1_ano_h1,209,209,22256,107,114352.847579497,149882.31333313623,0.16392302607531425,0.05201662016061197,0.25688102293282583,0.4930820936238489,0.1515623199875613,0.9276452615469809,0.9345794392523364,9.487360248451457,13.400726795196533
P. falciparum,bell,model2_bym2_ar1_ano_h1,210,210,22363,107,114621.85345207593,150159.10408958668,2.433281148441291,0.04157792030572321,0.24347232590980505,0.5695888701888139,0.11990420341573765,0.9549350983927967,0.9626168224299065,9.316336052235409,12.998331308364868
P. falciparum,bell,model2_bym2_ar1_ano_h1,211,211,22470,107,114904.93678417546,150449.7322748416,1.2921523364766956,0.0267890189403416,0.18226262068571444,0.41571016352495194,0.05984152718526473,0.9768056210282284,0.9345794392523364,9.583293534372077,13.210697412490845
P. falciparum,bell,model2_bym2_ar1_ano_h1,212,212,22577,107,115211.59737775708,150760.3728424116,0.5801250813843928,0.03376444707411474,0.2209971312817775,0.4039885846184105,0.08331261328101378,0.9591599790746418,0.9158878504672897,9.194308375546015,13.323448181152344
P. falciparum,bell,model2_bym2_ar1_ano_h1,213,213,22684,107,115554.03452384149,151111.04647530435,2.6829702338190877,0.04300001009480232,0.275770317898797,0.3748423792916054,0.14657449370716397,0.93893097376685,0.9065420560747663,9.582448146133448,16.703798055648804
P. falciparum,bell,model2_bym2_ar1_ano_h1,214,214,22791,107,115921.84589063941,152304.75991485885,3.4802110609153942,0.04131059585086979,0.23056961669385523,0.4778946694051238,0.11703761682708935,0.9500242963225248,0.9158878504672897,9.56145210734232,13.884263277053833
P. falciparum,bell,model2_bym2_ar1_ano_h1,215,215,22898,107,116403.11685638672,152444.93067016677,3.856521040553495,0.045385467428756564,0.23367160930194475,0.39362289679670903,0.1393303071098567,0.9421904807992291,0.9065420560747663,9.536622486006246,13.632737874984741
P. falciparum,bell,model2_bym2_ar1_ano_h1,216,216,23005,107,116863.19282888292,152705.49920341015,1.9828302802584363,0.03348420059021501,0.20680242665608944,0.4202837600027243,0.07448739126484556,0.9698372361097867,0.8691588785046729,9.616257954959092,14.205054759979248
