cenario,familia,especie,n,mbe,nrmse,rae,rmsle,rse,cor,coverage_95,largura_95
completo,bell,P. falciparum,107,1.073,0.028,0.27,0.467,0.23,0.878,0.943,23.1
completo,bell,P. vivax,107,5.131,0.036,0.232,0.494,0.163,0.915,0.862,109.2
completo,nbinomial,P. falciparum,107,2.068,0.028,0.268,0.462,0.225,0.884,0.966,37.1
completo,nbinomial,P. vivax,107,9.531,0.036,0.227,0.488,0.158,0.92,0.943,201.3
completo,poisson,P. falciparum,107,0.99,0.029,0.275,0.471,0.239,0.874,0.892,19
completo,poisson,P. vivax,107,5.099,0.037,0.236,0.5,0.171,0.911,0.758,90.3
apenas_hotspots,bell,P. falciparum,12,5.622,0.077,0.3,0.747,0.267,0.859,0.854,116.5
apenas_hotspots,bell,P. vivax,11,32.848,0.091,0.443,0.448,0.26,0.864,0.651,632.4
apenas_hotspots,nbinomial,P. falciparum,12,11.795,0.076,0.301,0.741,0.26,0.866,0.943,204.4
apenas_hotspots,nbinomial,P. vivax,11,58.636,0.093,0.444,0.445,0.268,0.863,0.951,1219.4
apenas_hotspots,poisson,P. falciparum,12,5.534,0.079,0.305,0.752,0.278,0.854,0.721,97.4
apenas_hotspots,poisson,P. vivax,11,34.431,0.093,0.45,0.456,0.269,0.86,0.432,542.3
sem_hotspots,bell,P. falciparum,95,0.498,0.023,0.301,0.418,0.241,0.872,0.954,11.3
sem_hotspots,bell,P. vivax,96,1.955,0.029,0.265,0.499,0.272,0.859,0.886,49.3
sem_hotspots,nbinomial,P. falciparum,95,0.84,0.023,0.295,0.413,0.243,0.875,0.969,16
sem_hotspots,nbinomial,P. vivax,96,3.905,0.027,0.253,0.493,0.233,0.876,0.942,84.6
sem_hotspots,poisson,P. falciparum,95,0.416,0.024,0.307,0.423,0.251,0.866,0.913,9.1
sem_hotspots,poisson,P. vivax,96,1.738,0.03,0.271,0.505,0.292,0.85,0.795,38.5
